<?xml version="1.0"?>
<!--<!DOCTYPE metadata SYSTEM "http://www.esri.com/metadata/esriprof80.dtd">-->
<metadata xml:lang="en"><Esri><CreaDate>20131009</CreaDate><CreaTime>12223900</CreaTime><SyncOnce>FALSE</SyncOnce><SyncDate>20140117</SyncDate><SyncTime>08535100</SyncTime><ModDate>20140117</ModDate><ModTime>08535100</ModTime><DataProperties><lineage><Process ToolSource="C:\Program Files\ArcGIS\ArcToolbox\Toolboxes\Conversion Tools.tbx\FeatureClassToFeatureClass" Date="20130416" Time="090707">FeatureClassToFeatureClass G:\ArcView\liveData\TCV_FGD_83.gdb\ElecPrecinct G:\ArcView\liveData\temp.gdb ElecPrecinct # "PCT 'PCT' true true false 5 Text 0 0 ,First,#,G:\ArcView\liveData\TCV_FGD_83.gdb\ElecPrecinct,PRCT,-1,-1;PCTCODE 'PCTCODE' true true false 4 Text 0 0 ,First,#,G:\ArcView\liveData\TCV_FGD_83.gdb\ElecPrecinct,PRCTCODE,-1,-1;SUM_ANGLO 'SUM_ANGLO' true true false 8 Double 0 0 ,First,#,G:\ArcView\liveData\TCV_FGD_83.gdb\ElecPrecinct,SUM_ANGLO,-1,-1;SUM_ANGLOV 'SUM_ANGLOV' true true false 8 Double 0 0 ,First,#,G:\ArcView\liveData\TCV_FGD_83.gdb\ElecPrecinct,SUM_ANGLOV,-1,-1;SUM_BH 'SUM_BH' true true false 8 Double 0 0 ,First,#,G:\ArcView\liveData\TCV_FGD_83.gdb\ElecPrecinct,SUM_BH,-1,-1;SUM_BHVAP 'SUM_BHVAP' true true false 8 Double 0 0 ,First,#,G:\ArcView\liveData\TCV_FGD_83.gdb\ElecPrecinct,SUM_BHVAP,-1,-1;SUM_HISPAN 'SUM_HISPAN' true true false 8 Double 0 0 ,First,#,G:\ArcView\liveData\TCV_FGD_83.gdb\ElecPrecinct,SUM_HISPAN,-1,-1;SUM_HISP_1 'SUM_HISP_1' true true false 8 Double 0 0 ,First,#,G:\ArcView\liveData\TCV_FGD_83.gdb\ElecPrecinct,SUM_HISP_1,-1,-1;SUM_BLACK 'SUM_BLACK' true true false 8 Double 0 0 ,First,#,G:\ArcView\liveData\TCV_FGD_83.gdb\ElecPrecinct,SUM_BLACK,-1,-1;SUM_BLACKV 'SUM_BLACKV' true true false 8 Double 0 0 ,First,#,G:\ArcView\liveData\TCV_FGD_83.gdb\ElecPrecinct,SUM_BLACKV,-1,-1;SUM_OTHER 'SUM_OTHER' true true false 8 Double 0 0 ,First,#,G:\ArcView\liveData\TCV_FGD_83.gdb\ElecPrecinct,SUM_OTHER,-1,-1;SUM_OTHERV 'SUM_OTHERV' true true false 8 Double 0 0 ,First,#,G:\ArcView\liveData\TCV_FGD_83.gdb\ElecPrecinct,SUM_OTHERV,-1,-1;SUM_TOTAL 'SUM_TOTAL' true true false 8 Double 0 0 ,First,#,G:\ArcView\liveData\TCV_FGD_83.gdb\ElecPrecinct,SUM_TOTAL,-1,-1;SUM_VAP 'SUM_VAP' true true false 8 Double 0 0 ,First,#,G:\ArcView\liveData\TCV_FGD_83.gdb\ElecPrecinct,SUM_VAP,-1,-1;COUNT_TOTA 'COUNT_TOTA' true true false 4 Long 0 0 ,First,#,G:\ArcView\liveData\TCV_FGD_83.gdb\ElecPrecinct,COUNT_TOTA,-1,-1;Shape_Length 'Shape_Length' false true true 8 Double 0 0 ,First,#,G:\ArcView\liveData\TCV_FGD_83.gdb\ElecPrecinct,Shape_Length,-1,-1;Shape_Area 'Shape_Area' false true true 8 Double 0 0 ,First,#,G:\ArcView\liveData\TCV_FGD_83.gdb\ElecPrecinct,Shape_Area,-1,-1" # G:\ArcView\liveData\temp.gdb\ElecPrecinct</Process><Process ToolSource="C:\Program Files\ArcGIS\ArcToolbox\Toolboxes\Data Management Tools.tbx\CopyFeatures" Date="20130416" Time="091303">CopyFeatures G:\ArcView\liveData\temp.gdb\ElecPrecinct G:\ArcView\liveData\TCV_FGD_83.gdb\ElecPrecinct # 0 0 0</Process><Process Name="New Select in City (c)" ToolSource="C:\Program Files\ArcGIS\ArcToolbox\Toolboxes\Data Management Tools.tbx\SelectLayerByLocation" Date="20130419" Time="141830">SelectLayerByLocation ElecPrecinct_Layer INTERSECT City_Layer # NEW_SELECTION ElecPrecinct_Layer</Process><Process Name="Add Select in School (s)" ToolSource="C:\Program Files\ArcGIS\ArcToolbox\Toolboxes\Data Management Tools.tbx\SelectLayerByLocation" Date="20130419" Time="141831">SelectLayerByLocation ElecPrecinct_Layer INTERSECT School_Layer # ADD_TO_SELECTION ElecPrecinct_Layer</Process><Process Name="Add Select in MUD (m)" ToolSource="C:\Program Files\ArcGIS\ArcToolbox\Toolboxes\Data Management Tools.tbx\SelectLayerByLocation" Date="20130419" Time="141832">SelectLayerByLocation ElecPrecinct_Layer INTERSECT MUD_Layer # ADD_TO_SELECTION ElecPrecinct_Layer</Process><Process Name="Add Select in ESD (e)" ToolSource="C:\Program Files\ArcGIS\ArcToolbox\Toolboxes\Data Management Tools.tbx\SelectLayerByLocation" Date="20130419" Time="141833">SelectLayerByLocation ElecPrecinct_Layer INTERSECT ESD_Layer # ADD_TO_SELECTION ElecPrecinct_Layer</Process><Process Name="New Select in City (c)" ToolSource="C:\Program Files\ArcGIS\ArcToolbox\Toolboxes\Data Management Tools.tbx\SelectLayerByLocation" Date="20130419" Time="143330">SelectLayerByLocation ElecPrecinct_Layer INTERSECT City_Layer # NEW_SELECTION ElecPrecinct_Layer</Process><Process Name="Add Select in School (s)" ToolSource="C:\Program Files\ArcGIS\ArcToolbox\Toolboxes\Data Management Tools.tbx\SelectLayerByLocation" Date="20130419" Time="143331">SelectLayerByLocation ElecPrecinct_Layer INTERSECT School_Layer # ADD_TO_SELECTION ElecPrecinct_Layer</Process><Process Name="Add Select in MUD (m)" ToolSource="C:\Program Files\ArcGIS\ArcToolbox\Toolboxes\Data Management Tools.tbx\SelectLayerByLocation" Date="20130419" Time="143332">SelectLayerByLocation ElecPrecinct_Layer INTERSECT MUD_Layer # ADD_TO_SELECTION ElecPrecinct_Layer</Process><Process Name="Add Select in ESD (e)" ToolSource="C:\Program Files\ArcGIS\ArcToolbox\Toolboxes\Data Management Tools.tbx\SelectLayerByLocation" Date="20130419" Time="143333">SelectLayerByLocation ElecPrecinct_Layer INTERSECT ESD_Layer # ADD_TO_SELECTION ElecPrecinct_Layer</Process><Process Name="New Select in City (c)" ToolSource="C:\Program Files\ArcGIS\ArcToolbox\Toolboxes\Data Management Tools.tbx\SelectLayerByLocation" Date="20130419" Time="143958">SelectLayerByLocation ElecPrecinct_Layer INTERSECT City_Layer # NEW_SELECTION ElecPrecinct_Layer</Process><Process Name="Add Select in School (s)" ToolSource="C:\Program Files\ArcGIS\ArcToolbox\Toolboxes\Data Management Tools.tbx\SelectLayerByLocation" Date="20130419" Time="143959">SelectLayerByLocation ElecPrecinct_Layer INTERSECT School_Layer # ADD_TO_SELECTION ElecPrecinct_Layer</Process><Process Name="Add Select in MUD (m)" ToolSource="C:\Program Files\ArcGIS\ArcToolbox\Toolboxes\Data Management Tools.tbx\SelectLayerByLocation" Date="20130419" Time="144000">SelectLayerByLocation ElecPrecinct_Layer INTERSECT MUD_Layer # ADD_TO_SELECTION ElecPrecinct_Layer</Process><Process Name="Add Select in ESD (e)" ToolSource="C:\Program Files\ArcGIS\ArcToolbox\Toolboxes\Data Management Tools.tbx\SelectLayerByLocation" Date="20130419" Time="144001">SelectLayerByLocation ElecPrecinct_Layer INTERSECT ESD_Layer # ADD_TO_SELECTION ElecPrecinct_Layer</Process><Process Name="New Select in City (c)" ToolSource="C:\Program Files\ArcGIS\ArcToolbox\Toolboxes\Data Management Tools.tbx\SelectLayerByLocation" Date="20130419" Time="145634">SelectLayerByLocation ElecPrecinct_Layer INTERSECT City_Layer # NEW_SELECTION ElecPrecinct_Layer</Process><Process Name="Add Select in School (s)" ToolSource="C:\Program Files\ArcGIS\ArcToolbox\Toolboxes\Data Management Tools.tbx\SelectLayerByLocation" Date="20130419" Time="145635">SelectLayerByLocation ElecPrecinct_Layer INTERSECT School_Layer # ADD_TO_SELECTION ElecPrecinct_Layer</Process><Process Name="Add Select in MUD (m)" ToolSource="C:\Program Files\ArcGIS\ArcToolbox\Toolboxes\Data Management Tools.tbx\SelectLayerByLocation" Date="20130419" Time="145635">SelectLayerByLocation ElecPrecinct_Layer INTERSECT MUD_Layer # ADD_TO_SELECTION ElecPrecinct_Layer</Process><Process Name="Add Select in ESD (e)" ToolSource="C:\Program Files\ArcGIS\ArcToolbox\Toolboxes\Data Management Tools.tbx\SelectLayerByLocation" Date="20130419" Time="145636">SelectLayerByLocation ElecPrecinct_Layer INTERSECT ESD_Layer # ADD_TO_SELECTION ElecPrecinct_Layer</Process><Process Name="New Select in City (c)" ToolSource="C:\Program Files\ArcGIS\ArcToolbox\Toolboxes\Data Management Tools.tbx\SelectLayerByLocation" Date="20130419" Time="150823">SelectLayerByLocation ElecPrecinct_Layer INTERSECT City_Layer # NEW_SELECTION ElecPrecinct_Layer</Process><Process Name="Add Select in School (s)" ToolSource="C:\Program Files\ArcGIS\ArcToolbox\Toolboxes\Data Management Tools.tbx\SelectLayerByLocation" Date="20130419" Time="150824">SelectLayerByLocation ElecPrecinct_Layer INTERSECT School_Layer # ADD_TO_SELECTION ElecPrecinct_Layer</Process><Process Name="Add Select in MUD (m)" ToolSource="C:\Program Files\ArcGIS\ArcToolbox\Toolboxes\Data Management Tools.tbx\SelectLayerByLocation" Date="20130419" Time="150825">SelectLayerByLocation ElecPrecinct_Layer INTERSECT MUD_Layer # ADD_TO_SELECTION ElecPrecinct_Layer</Process><Process Name="Add Select in ESD (e)" ToolSource="C:\Program Files\ArcGIS\ArcToolbox\Toolboxes\Data Management Tools.tbx\SelectLayerByLocation" Date="20130419" Time="150826">SelectLayerByLocation ElecPrecinct_Layer INTERSECT ESD_Layer # ADD_TO_SELECTION ElecPrecinct_Layer</Process><Process Name="New Select in City (c)" ToolSource="C:\Program Files\ArcGIS\ArcToolbox\Toolboxes\Data Management Tools.tbx\SelectLayerByLocation" Date="20130419" Time="152045">SelectLayerByLocation ElecPrecinct_Layer INTERSECT City_Layer # NEW_SELECTION ElecPrecinct_Layer</Process><Process Name="Add Select in School (s)" ToolSource="C:\Program Files\ArcGIS\ArcToolbox\Toolboxes\Data Management Tools.tbx\SelectLayerByLocation" Date="20130419" Time="152046">SelectLayerByLocation ElecPrecinct_Layer INTERSECT School_Layer # ADD_TO_SELECTION ElecPrecinct_Layer</Process><Process Name="Add Select in MUD (m)" ToolSource="C:\Program Files\ArcGIS\ArcToolbox\Toolboxes\Data Management Tools.tbx\SelectLayerByLocation" Date="20130419" Time="152046">SelectLayerByLocation ElecPrecinct_Layer INTERSECT MUD_Layer # ADD_TO_SELECTION ElecPrecinct_Layer</Process><Process Name="Add Select in ESD (e)" ToolSource="C:\Program Files\ArcGIS\ArcToolbox\Toolboxes\Data Management Tools.tbx\SelectLayerByLocation" Date="20130419" Time="152046">SelectLayerByLocation ElecPrecinct_Layer INTERSECT ESD_Layer # ADD_TO_SELECTION ElecPrecinct_Layer</Process><Process Name="New Select in City (c)" ToolSource="C:\Program Files\ArcGIS\ArcToolbox\Toolboxes\Data Management Tools.tbx\SelectLayerByLocation" Date="20130419" Time="160150">SelectLayerByLocation ElecPrecinct_Layer INTERSECT City_Layer # NEW_SELECTION ElecPrecinct_Layer</Process><Process Name="Add Select in School (s)" ToolSource="C:\Program Files\ArcGIS\ArcToolbox\Toolboxes\Data Management Tools.tbx\SelectLayerByLocation" Date="20130419" Time="160150">SelectLayerByLocation ElecPrecinct_Layer INTERSECT School_Layer # ADD_TO_SELECTION ElecPrecinct_Layer</Process><Process Name="Add Select in MUD (m)" ToolSource="C:\Program Files\ArcGIS\ArcToolbox\Toolboxes\Data Management Tools.tbx\SelectLayerByLocation" Date="20130419" Time="160151">SelectLayerByLocation ElecPrecinct_Layer INTERSECT MUD_Layer # ADD_TO_SELECTION ElecPrecinct_Layer</Process><Process Name="Add Select in ESD (e)" ToolSource="C:\Program Files\ArcGIS\ArcToolbox\Toolboxes\Data Management Tools.tbx\SelectLayerByLocation" Date="20130419" Time="160151">SelectLayerByLocation ElecPrecinct_Layer INTERSECT ESD_Layer # ADD_TO_SELECTION ElecPrecinct_Layer</Process><Process Name="New Select in City (c)" ToolSource="C:\Program Files\ArcGIS\ArcToolbox\Toolboxes\Data Management Tools.tbx\SelectLayerByLocation" Date="20130419" Time="163100">SelectLayerByLocation ElecPrecinct_Layer INTERSECT City_Layer # NEW_SELECTION ElecPrecinct_Layer</Process><Process Name="Add Select in School (s)" ToolSource="C:\Program Files\ArcGIS\ArcToolbox\Toolboxes\Data Management Tools.tbx\SelectLayerByLocation" Date="20130419" Time="163101">SelectLayerByLocation ElecPrecinct_Layer INTERSECT School_Layer # ADD_TO_SELECTION ElecPrecinct_Layer</Process><Process Name="Add Select in MUD (m)" ToolSource="C:\Program Files\ArcGIS\ArcToolbox\Toolboxes\Data Management Tools.tbx\SelectLayerByLocation" Date="20130419" Time="163101">SelectLayerByLocation ElecPrecinct_Layer INTERSECT MUD_Layer # ADD_TO_SELECTION ElecPrecinct_Layer</Process><Process Name="Add Select in ESD (e)" ToolSource="C:\Program Files\ArcGIS\ArcToolbox\Toolboxes\Data Management Tools.tbx\SelectLayerByLocation" Date="20130419" Time="163101">SelectLayerByLocation ElecPrecinct_Layer INTERSECT ESD_Layer # ADD_TO_SELECTION ElecPrecinct_Layer</Process><Process Name="New Select in City (c)" ToolSource="C:\Program Files\ArcGIS\ArcToolbox\Toolboxes\Data Management Tools.tbx\SelectLayerByLocation" Date="20130419" Time="163906">SelectLayerByLocation ElecPrecinct_Layer INTERSECT City_Layer # NEW_SELECTION ElecPrecinct_Layer</Process><Process Name="Add Select in School (s)" ToolSource="C:\Program Files\ArcGIS\ArcToolbox\Toolboxes\Data Management Tools.tbx\SelectLayerByLocation" Date="20130419" Time="163907">SelectLayerByLocation ElecPrecinct_Layer INTERSECT School_Layer # ADD_TO_SELECTION ElecPrecinct_Layer</Process><Process Name="Add Select in MUD (m)" ToolSource="C:\Program Files\ArcGIS\ArcToolbox\Toolboxes\Data Management Tools.tbx\SelectLayerByLocation" Date="20130419" Time="163907">SelectLayerByLocation ElecPrecinct_Layer INTERSECT MUD_Layer # ADD_TO_SELECTION ElecPrecinct_Layer</Process><Process Name="Add Select in ESD (e)" ToolSource="C:\Program Files\ArcGIS\ArcToolbox\Toolboxes\Data Management Tools.tbx\SelectLayerByLocation" Date="20130419" Time="163908">SelectLayerByLocation ElecPrecinct_Layer INTERSECT ESD_Layer # ADD_TO_SELECTION ElecPrecinct_Layer</Process><Process Name="New Select in City (c)" ToolSource="C:\Program Files\ArcGIS\ArcToolbox\Toolboxes\Data Management Tools.tbx\SelectLayerByLocation" Date="20130419" Time="164110">SelectLayerByLocation ElecPrecinct_Layer INTERSECT City_Layer # NEW_SELECTION ElecPrecinct_Layer</Process><Process Name="Add Select in School (s)" ToolSource="C:\Program Files\ArcGIS\ArcToolbox\Toolboxes\Data Management Tools.tbx\SelectLayerByLocation" Date="20130419" Time="164110">SelectLayerByLocation ElecPrecinct_Layer INTERSECT School_Layer # ADD_TO_SELECTION ElecPrecinct_Layer</Process><Process Name="Add Select in MUD (m)" ToolSource="C:\Program Files\ArcGIS\ArcToolbox\Toolboxes\Data Management Tools.tbx\SelectLayerByLocation" Date="20130419" Time="164111">SelectLayerByLocation ElecPrecinct_Layer INTERSECT MUD_Layer # ADD_TO_SELECTION ElecPrecinct_Layer</Process><Process Name="Add Select in ESD (e)" ToolSource="C:\Program Files\ArcGIS\ArcToolbox\Toolboxes\Data Management Tools.tbx\SelectLayerByLocation" Date="20130419" Time="164111">SelectLayerByLocation ElecPrecinct_Layer INTERSECT ESD_Layer # ADD_TO_SELECTION ElecPrecinct_Layer</Process><Process Name="New Select in City (c)" ToolSource="C:\Program Files\ArcGIS\ArcToolbox\Toolboxes\Data Management Tools.tbx\SelectLayerByLocation" Date="20130419" Time="172317">SelectLayerByLocation ElecPrecinct_Layer INTERSECT City_Layer # NEW_SELECTION ElecPrecinct_Layer</Process><Process Name="Add Select in School (s)" ToolSource="C:\Program Files\ArcGIS\ArcToolbox\Toolboxes\Data Management Tools.tbx\SelectLayerByLocation" Date="20130419" Time="172321">SelectLayerByLocation ElecPrecinct_Layer INTERSECT School_Layer # ADD_TO_SELECTION ElecPrecinct_Layer</Process><Process Name="Add Select in MUD (m)" ToolSource="C:\Program Files\ArcGIS\ArcToolbox\Toolboxes\Data Management Tools.tbx\SelectLayerByLocation" Date="20130419" Time="172324">SelectLayerByLocation ElecPrecinct_Layer INTERSECT MUD_Layer # ADD_TO_SELECTION ElecPrecinct_Layer</Process><Process Name="Add Select in ESD (e)" ToolSource="C:\Program Files\ArcGIS\ArcToolbox\Toolboxes\Data Management Tools.tbx\SelectLayerByLocation" Date="20130419" Time="172327">SelectLayerByLocation ElecPrecinct_Layer INTERSECT ESD_Layer # ADD_TO_SELECTION ElecPrecinct_Layer</Process><Process Name="New Select in City (c)" ToolSource="C:\Program Files\ArcGIS\ArcToolbox\Toolboxes\Data Management Tools.tbx\SelectLayerByLocation" Date="20130419" Time="172701">SelectLayerByLocation ElecPrecinct_Layer INTERSECT City_Layer # NEW_SELECTION ElecPrecinct_Layer</Process><Process Name="Add Select in School (s)" ToolSource="C:\Program Files\ArcGIS\ArcToolbox\Toolboxes\Data Management Tools.tbx\SelectLayerByLocation" Date="20130419" Time="172701">SelectLayerByLocation ElecPrecinct_Layer INTERSECT School_Layer # ADD_TO_SELECTION ElecPrecinct_Layer</Process><Process Name="Add Select in MUD (m)" ToolSource="C:\Program Files\ArcGIS\ArcToolbox\Toolboxes\Data Management Tools.tbx\SelectLayerByLocation" Date="20130419" Time="172702">SelectLayerByLocation ElecPrecinct_Layer INTERSECT MUD_Layer # ADD_TO_SELECTION ElecPrecinct_Layer</Process><Process Name="Add Select in ESD (e)" ToolSource="C:\Program Files\ArcGIS\ArcToolbox\Toolboxes\Data Management Tools.tbx\SelectLayerByLocation" Date="20130419" Time="172702">SelectLayerByLocation ElecPrecinct_Layer INTERSECT ESD_Layer # ADD_TO_SELECTION ElecPrecinct_Layer</Process><Process Name="New Select in City (c)" ToolSource="C:\Program Files\ArcGIS\ArcToolbox\Toolboxes\Data Management Tools.tbx\SelectLayerByLocation" Date="20130419" Time="173008">SelectLayerByLocation ElecPrecinct_Layer INTERSECT City_Layer # NEW_SELECTION ElecPrecinct_Layer</Process><Process Name="Add Select in School (s)" ToolSource="C:\Program Files\ArcGIS\ArcToolbox\Toolboxes\Data Management Tools.tbx\SelectLayerByLocation" Date="20130419" Time="173008">SelectLayerByLocation ElecPrecinct_Layer INTERSECT School_Layer # ADD_TO_SELECTION ElecPrecinct_Layer</Process><Process Name="Add Select in MUD (m)" ToolSource="C:\Program Files\ArcGIS\ArcToolbox\Toolboxes\Data Management Tools.tbx\SelectLayerByLocation" Date="20130419" Time="173009">SelectLayerByLocation ElecPrecinct_Layer INTERSECT MUD_Layer # ADD_TO_SELECTION ElecPrecinct_Layer</Process><Process Name="Add Select in ESD (e)" ToolSource="C:\Program Files\ArcGIS\ArcToolbox\Toolboxes\Data Management Tools.tbx\SelectLayerByLocation" Date="20130419" Time="173009">SelectLayerByLocation ElecPrecinct_Layer INTERSECT ESD_Layer # ADD_TO_SELECTION ElecPrecinct_Layer</Process><Process ToolSource="C:\Program Files\ArcGIS\ArcToolbox\Toolboxes\Data Management Tools.tbx\RepairGeometry" Date="20130424" Time="103415">RepairGeometry ElecPrecinct DELETE_NULL ElecPrecinct</Process><Process ToolSource="C:\Program Files\ArcGIS\ArcToolbox\Toolboxes\Data Management Tools.tbx\RepairGeometry" Date="20130424" Time="104932">RepairGeometry ElecPrecinct DELETE_NULL ElecPrecinct</Process><Process Name="Repair Geometry (23)" ToolSource="C:\Program Files\ArcGIS\ArcToolbox\Toolboxes\Data Management Tools.tbx\RepairGeometry" Date="20130425" Time="113647">RepairGeometry G:\ArcView\liveData\TCV_FGD_83.gdb\ElecPrecinct DELETE_NULL G:\ArcView\liveData\TCV_FGD_83.gdb\ElecPrecinct</Process><Process ToolSource="C:\Program Files\ArcGIS\ArcToolbox\Toolboxes\Data Management Tools.tbx\SelectLayerByLocation" Date="20130911" Time="114110">SelectLayerByLocation ElecPrecinct INTERSECT Legislative # ADD_TO_SELECTION ElecPrecinct</Process><Process ToolSource="C:\Program Files\ArcGIS\ArcToolbox\Toolboxes\Data Management Tools.tbx\SelectLayerByLocation" Date="20130911" Time="114112">SelectLayerByLocation ElecPrecinct INTERSECT City # ADD_TO_SELECTION ElecPrecinct</Process><Process ToolSource="C:\Program Files\ArcGIS\ArcToolbox\Toolboxes\Data Management Tools.tbx\SelectLayerByLocation" Date="20130911" Time="114114">SelectLayerByLocation ElecPrecinct INTERSECT School # ADD_TO_SELECTION ElecPrecinct</Process><Process ToolSource="C:\Program Files\ArcGIS\ArcToolbox\Toolboxes\Data Management Tools.tbx\SelectLayerByLocation" Date="20130911" Time="114115">SelectLayerByLocation ElecPrecinct INTERSECT mud # ADD_TO_SELECTION ElecPrecinct</Process><Process ToolSource="C:\Program Files\ArcGIS\ArcToolbox\Toolboxes\Data Management Tools.tbx\SelectLayerByLocation" Date="20130911" Time="114117">SelectLayerByLocation ElecPrecinct INTERSECT ESD # ADD_TO_SELECTION ElecPrecinct</Process><Process ToolSource="C:\Program Files\ArcGIS\ArcToolbox\Toolboxes\Data Management Tools.tbx\SelectLayerByLocation" Date="20130911" Time="114118">SelectLayerByLocation ElecPrecinct INTERSECT County # ADD_TO_SELECTION ElecPrecinct</Process><Process ToolSource="C:\Program Files\ArcGIS\ArcToolbox\Toolboxes\Data Management Tools.tbx\SelectLayerByLocation" Date="20130913" Time="095117">SelectLayerByLocation ElecPrecinct INTERSECT Legislative # ADD_TO_SELECTION ElecPrecinct</Process><Process ToolSource="C:\Program Files\ArcGIS\ArcToolbox\Toolboxes\Data Management Tools.tbx\SelectLayerByLocation" Date="20130913" Time="095120">SelectLayerByLocation ElecPrecinct INTERSECT City # ADD_TO_SELECTION ElecPrecinct</Process><Process ToolSource="C:\Program Files\ArcGIS\ArcToolbox\Toolboxes\Data Management Tools.tbx\SelectLayerByLocation" Date="20130913" Time="095123">SelectLayerByLocation ElecPrecinct INTERSECT School # ADD_TO_SELECTION ElecPrecinct</Process><Process ToolSource="C:\Program Files\ArcGIS\ArcToolbox\Toolboxes\Data Management Tools.tbx\SelectLayerByLocation" Date="20130913" Time="095127">SelectLayerByLocation ElecPrecinct INTERSECT mud # ADD_TO_SELECTION ElecPrecinct</Process><Process ToolSource="C:\Program Files\ArcGIS\ArcToolbox\Toolboxes\Data Management Tools.tbx\SelectLayerByLocation" Date="20130913" Time="095131">SelectLayerByLocation ElecPrecinct INTERSECT ESD # ADD_TO_SELECTION ElecPrecinct</Process><Process ToolSource="C:\Program Files\ArcGIS\ArcToolbox\Toolboxes\Data Management Tools.tbx\SelectLayerByLocation" Date="20130913" Time="095134">SelectLayerByLocation ElecPrecinct INTERSECT County # ADD_TO_SELECTION ElecPrecinct</Process><Process ToolSource="C:\Program Files\ArcGIS\ArcToolbox\Toolboxes\Data Management Tools.tbx\SelectLayerByLocation" Date="20130913" Time="103717">SelectLayerByLocation ElecPrecinct INTERSECT Legislative # ADD_TO_SELECTION ElecPrecinct</Process><Process ToolSource="C:\Program Files\ArcGIS\ArcToolbox\Toolboxes\Data Management Tools.tbx\SelectLayerByLocation" Date="20130913" Time="103720">SelectLayerByLocation ElecPrecinct INTERSECT City # ADD_TO_SELECTION ElecPrecinct</Process><Process ToolSource="C:\Program Files\ArcGIS\ArcToolbox\Toolboxes\Data Management Tools.tbx\SelectLayerByLocation" Date="20130913" Time="103723">SelectLayerByLocation ElecPrecinct INTERSECT School # ADD_TO_SELECTION ElecPrecinct</Process><Process ToolSource="C:\Program Files\ArcGIS\ArcToolbox\Toolboxes\Data Management Tools.tbx\SelectLayerByLocation" Date="20130913" Time="103726">SelectLayerByLocation ElecPrecinct INTERSECT mud # ADD_TO_SELECTION ElecPrecinct</Process><Process ToolSource="C:\Program Files\ArcGIS\ArcToolbox\Toolboxes\Data Management Tools.tbx\SelectLayerByLocation" Date="20130913" Time="103730">SelectLayerByLocation ElecPrecinct INTERSECT ESD # ADD_TO_SELECTION ElecPrecinct</Process><Process ToolSource="C:\Program Files\ArcGIS\ArcToolbox\Toolboxes\Data Management Tools.tbx\SelectLayerByLocation" Date="20130913" Time="103733">SelectLayerByLocation ElecPrecinct INTERSECT County # ADD_TO_SELECTION ElecPrecinct</Process><Process ToolSource="C:\Program Files\ArcGIS\ArcToolbox\Toolboxes\Data Management Tools.tbx\SelectLayerByLocation" Date="20130913" Time="111709">SelectLayerByLocation ElecPrecinct INTERSECT Legislative # ADD_TO_SELECTION ElecPrecinct</Process><Process ToolSource="C:\Program Files\ArcGIS\ArcToolbox\Toolboxes\Data Management Tools.tbx\SelectLayerByLocation" Date="20130913" Time="111712">SelectLayerByLocation ElecPrecinct INTERSECT City # ADD_TO_SELECTION ElecPrecinct</Process><Process ToolSource="C:\Program Files\ArcGIS\ArcToolbox\Toolboxes\Data Management Tools.tbx\SelectLayerByLocation" Date="20130913" Time="111716">SelectLayerByLocation ElecPrecinct INTERSECT School # ADD_TO_SELECTION ElecPrecinct</Process><Process ToolSource="C:\Program Files\ArcGIS\ArcToolbox\Toolboxes\Data Management Tools.tbx\SelectLayerByLocation" Date="20130913" Time="111719">SelectLayerByLocation ElecPrecinct INTERSECT mud # ADD_TO_SELECTION ElecPrecinct</Process><Process ToolSource="C:\Program Files\ArcGIS\ArcToolbox\Toolboxes\Data Management Tools.tbx\SelectLayerByLocation" Date="20130913" Time="111723">SelectLayerByLocation ElecPrecinct INTERSECT ESD # ADD_TO_SELECTION ElecPrecinct</Process><Process ToolSource="C:\Program Files\ArcGIS\ArcToolbox\Toolboxes\Data Management Tools.tbx\SelectLayerByLocation" Date="20130913" Time="111726">SelectLayerByLocation ElecPrecinct INTERSECT County # ADD_TO_SELECTION ElecPrecinct</Process><Process ToolSource="C:\Program Files\ArcGIS\ArcToolbox\Toolboxes\Data Management Tools.tbx\CopyFeatures" Date="20140117" Time="085351">CopyFeatures G:\ArcView\referenceData\referenceData.gdb\ElecPrecinct G:\ArcView\ElecPrecincts\ElecPrecinct.shp # 0 0 0</Process></lineage></DataProperties><MetaID>{D6CBBB0D-0ED4-4972-B466-3722A5B87207}</MetaID></Esri><idinfo><native Sync="TRUE">Microsoft Windows Vista Version 6.1 (Build 7601) Service Pack 1; ESRI ArcCatalog 9.3.1.3000</native><descript><langdata Sync="TRUE">en</langdata><abstract>REQUIRED: A brief narrative summary of the data set.</abstract><purpose>REQUIRED: A summary of the intentions with which the data set was developed.</purpose></descript><citation><citeinfo><origin>REQUIRED: The name of an organization or individual that developed the data set.</origin><pubdate>REQUIRED: The date when the data set is published or otherwise made available for release.</pubdate><title Sync="TRUE">ElecPrecinct</title><ftname Sync="TRUE">ElecPrecinct</ftname><geoform Sync="TRUE">vector digital data</geoform><onlink Sync="TRUE">\\TAXGIS\librarys\ArcView\ElecPrecincts\ElecPrecinct.shp</onlink></citeinfo></citation><timeperd><current>REQUIRED: The basis on which the time period of content information is determined.</current><timeinfo><sngdate><caldate>REQUIRED: The year (and optionally month, or month and day) for which the data set corresponds to the ground.</caldate></sngdate></timeinfo></timeperd><status><progress>REQUIRED: The state of the data set.</progress><update>REQUIRED: The frequency with which changes and additions are made to the data set after the initial data set is completed.</update></status><spdom><bounding><westbc Sync="TRUE">REQUIRED: Western-most coordinate of the limit of coverage expressed in longitude.</westbc><eastbc Sync="TRUE">REQUIRED: Eastern-most coordinate of the limit of coverage expressed in longitude.</eastbc><northbc Sync="TRUE">REQUIRED: Northern-most coordinate of the limit of coverage expressed in latitude.</northbc><southbc Sync="TRUE">REQUIRED: Southern-most coordinate of the limit of coverage expressed in latitude.</southbc></bounding></spdom><keywords><theme><themekt>REQUIRED: Reference to a formally registered thesaurus or a similar authoritative source of theme keywords.</themekt><themekey>REQUIRED: Common-use word or phrase used to describe the subject of the data set.</themekey></theme></keywords><accconst>REQUIRED: Restrictions and legal prerequisites for accessing the data set.</accconst><useconst>REQUIRED: Restrictions and legal prerequisites for using the data set after access is granted.</useconst><natvform Sync="TRUE">Shapefile</natvform></idinfo><dataIdInfo><envirDesc Sync="TRUE">Microsoft Windows Vista Version 6.1 (Build 7601) Service Pack 1; ESRI ArcCatalog 9.3.1.3000</envirDesc><dataLang><languageCode Sync="TRUE" value="en"></languageCode></dataLang><idCitation><resTitle Sync="TRUE">ElecPrecinct</resTitle><presForm><PresFormCd Sync="TRUE" value="005"></PresFormCd></presForm></idCitation><spatRpType><SpatRepTypCd Sync="TRUE" value="001"></SpatRepTypCd></spatRpType></dataIdInfo><metainfo><langmeta Sync="TRUE">en</langmeta><metstdn Sync="TRUE">FGDC Content Standards for Digital Geospatial Metadata</metstdn><metstdv Sync="TRUE">FGDC-STD-001-1998</metstdv><mettc Sync="TRUE">local time</mettc><metc><cntinfo><cntorgp><cntper>REQUIRED: The person responsible for the metadata information.</cntper><cntorg>REQUIRED: The organization responsible for the metadata information.</cntorg></cntorgp><cntaddr><addrtype>REQUIRED: The mailing and/or physical address for the organization or individual.</addrtype><city>REQUIRED: The city of the address.</city><state>REQUIRED: The state or province of the address.</state><postal>REQUIRED: The ZIP or other postal code of the address.</postal></cntaddr><cntvoice>REQUIRED: The telephone number by which individuals can speak to the organization or individual.</cntvoice></cntinfo></metc><metd Sync="TRUE">20140117</metd><metextns><onlink Sync="TRUE">http://www.esri.com/metadata/esriprof80.html</onlink><metprof Sync="TRUE">ESRI Metadata Profile</metprof></metextns></metainfo><mdLang><languageCode Sync="TRUE" value="en"></languageCode></mdLang><mdStanName Sync="TRUE">ISO 19115 Geographic Information - Metadata</mdStanName><mdStanVer Sync="TRUE">DIS_ESRI1.0</mdStanVer><mdChar><CharSetCd Sync="TRUE" value="004"></CharSetCd></mdChar><mdHrLv><ScopeCd Sync="TRUE" value="005"></ScopeCd></mdHrLv><mdHrLvName Sync="TRUE">dataset</mdHrLvName><distinfo><resdesc Sync="TRUE">Downloadable Data</resdesc><stdorder><digform><digtinfo><transize Sync="TRUE">0.000</transize><dssize Sync="TRUE">0.000</dssize></digtinfo></digform></stdorder></distinfo><distInfo><distributor><distorTran><onLineSrc><orDesc Sync="TRUE">002</orDesc><linkage Sync="TRUE">file://\\TAXGIS\librarys\ArcView\ElecPrecincts\ElecPrecinct.shp</linkage><protocol Sync="TRUE">Local Area Network</protocol></onLineSrc><transSize Sync="TRUE">0.000</transSize></distorTran><distorFormat><formatName Sync="TRUE">Shapefile</formatName></distorFormat></distributor></distInfo><spdoinfo><direct Sync="TRUE">Vector</direct><ptvctinf><esriterm Name="ElecPrecinct"><efeatyp Sync="TRUE">Simple</efeatyp><efeageom Sync="TRUE">Polygon</efeageom><esritopo Sync="TRUE">FALSE</esritopo><efeacnt Sync="TRUE">0</efeacnt><spindex Sync="TRUE">FALSE</spindex><linrefer Sync="TRUE">FALSE</linrefer></esriterm><sdtsterm Name="ElecPrecinct"><sdtstype Sync="TRUE">G-polygon</sdtstype><ptvctcnt Sync="TRUE">0</ptvctcnt></sdtsterm></ptvctinf></spdoinfo><spref><horizsys><cordsysn><geogcsn Sync="TRUE">GCS_North_American_1983</geogcsn><projcsn Sync="TRUE">NAD_1983_StatePlane_Texas_Central_FIPS_4203_Feet</projcsn></cordsysn><planar><planci><plance Sync="TRUE">coordinate pair</plance><plandu Sync="TRUE">survey feet</plandu><coordrep><absres Sync="TRUE">0.000000</absres><ordres Sync="TRUE">0.000000</ordres></coordrep></planci><mapproj><mapprojn Sync="TRUE">Lambert Conformal Conic</mapprojn><lambertc><stdparll Sync="TRUE">30.116667</stdparll><stdparll Sync="TRUE">31.883333</stdparll><longcm Sync="TRUE">-100.333333</longcm><latprjo Sync="TRUE">29.666667</latprjo><feast Sync="TRUE">2296583.333333</feast><fnorth Sync="TRUE">9842500.000000</fnorth></lambertc></mapproj></planar><geodetic><horizdn Sync="TRUE">North American Datum of 1983</horizdn><ellips Sync="TRUE">Geodetic Reference System 80</ellips><semiaxis Sync="TRUE">6378137.000000</semiaxis><denflat Sync="TRUE">298.257222</denflat></geodetic></horizsys><vertdef><altsys><altenc Sync="TRUE">Explicit elevation coordinate included with horizontal coordinates</altenc><altres Sync="TRUE">0.000125</altres></altsys></vertdef></spref><refSysInfo><RefSystem><refSysID><identCode Sync="TRUE">NAD_1983_StatePlane_Texas_Central_FIPS_4203_Feet</identCode></refSysID></RefSystem></refSysInfo><spatRepInfo><VectSpatRep><topLvl><TopoLevCd Sync="TRUE" value="001"></TopoLevCd></topLvl><geometObjs Name="ElecPrecinct"><geoObjTyp><GeoObjTypCd Sync="TRUE" value="001"></GeoObjTypCd></geoObjTyp><geoObjCnt Sync="TRUE">0</geoObjCnt></geometObjs></VectSpatRep></spatRepInfo><eainfo><detailed Name="ElecPrecinct"><enttyp><enttypl Sync="TRUE">ElecPrecinct</enttypl><enttypt Sync="TRUE">Feature Class</enttypt><enttypc Sync="TRUE">0</enttypc></enttyp><attr><attrlabl Sync="TRUE">FID</attrlabl><attalias Sync="TRUE">FID</attalias><attrtype Sync="TRUE">OID</attrtype><attwidth Sync="TRUE">4</attwidth><atprecis Sync="TRUE">0</atprecis><attscale Sync="TRUE">0</attscale><attrdef Sync="TRUE">Internal feature number.</attrdef><attrdefs Sync="TRUE">ESRI</attrdefs><attrdomv><udom Sync="TRUE">Sequential unique whole numbers that are automatically generated.</udom></attrdomv></attr><attr><attrlabl Sync="TRUE">Shape</attrlabl><attalias Sync="TRUE">Shape</attalias><attrtype Sync="TRUE">Geometry</attrtype><attwidth Sync="TRUE">0</attwidth><atprecis Sync="TRUE">0</atprecis><attscale Sync="TRUE">0</attscale><attrdef Sync="TRUE">Feature geometry.</attrdef><attrdefs Sync="TRUE">ESRI</attrdefs><attrdomv><udom Sync="TRUE">Coordinates defining the features.</udom></attrdomv></attr><attr><attrlabl Sync="TRUE">PCT</attrlabl><attalias Sync="TRUE">PCT</attalias><attrtype Sync="TRUE">String</attrtype><attwidth Sync="TRUE">5</attwidth></attr><attr><attrlabl Sync="TRUE">PCTCODE</attrlabl><attalias Sync="TRUE">PCTCODE</attalias><attrtype Sync="TRUE">String</attrtype><attwidth Sync="TRUE">4</attwidth></attr><attr><attrlabl Sync="TRUE">SUM_ANGLO</attrlabl><attalias Sync="TRUE">SUM_ANGLO</attalias><attrtype Sync="TRUE">Float</attrtype><attwidth Sync="TRUE">19</attwidth><atnumdec Sync="TRUE">11</atnumdec></attr><attr><attrlabl Sync="TRUE">SUM_ANGLOV</attrlabl><attalias Sync="TRUE">SUM_ANGLOV</attalias><attrtype Sync="TRUE">Float</attrtype><attwidth Sync="TRUE">19</attwidth><atnumdec Sync="TRUE">11</atnumdec></attr><attr><attrlabl Sync="TRUE">SUM_BH</attrlabl><attalias Sync="TRUE">SUM_BH</attalias><attrtype Sync="TRUE">Float</attrtype><attwidth Sync="TRUE">19</attwidth><atnumdec Sync="TRUE">11</atnumdec></attr><attr><attrlabl Sync="TRUE">SUM_BHVAP</attrlabl><attalias Sync="TRUE">SUM_BHVAP</attalias><attrtype Sync="TRUE">Float</attrtype><attwidth Sync="TRUE">19</attwidth><atnumdec Sync="TRUE">11</atnumdec></attr><attr><attrlabl Sync="TRUE">SUM_HISPAN</attrlabl><attalias Sync="TRUE">SUM_HISPAN</attalias><attrtype Sync="TRUE">Float</attrtype><attwidth Sync="TRUE">19</attwidth><atnumdec Sync="TRUE">11</atnumdec></attr><attr><attrlabl Sync="TRUE">SUM_HISP_1</attrlabl><attalias Sync="TRUE">SUM_HISP_1</attalias><attrtype Sync="TRUE">Float</attrtype><attwidth Sync="TRUE">19</attwidth><atnumdec Sync="TRUE">11</atnumdec></attr><attr><attrlabl Sync="TRUE">SUM_BLACK</attrlabl><attalias Sync="TRUE">SUM_BLACK</attalias><attrtype Sync="TRUE">Float</attrtype><attwidth Sync="TRUE">19</attwidth><atnumdec Sync="TRUE">11</atnumdec></attr><attr><attrlabl Sync="TRUE">SUM_BLACKV</attrlabl><attalias Sync="TRUE">SUM_BLACKV</attalias><attrtype Sync="TRUE">Float</attrtype><attwidth Sync="TRUE">19</attwidth><atnumdec Sync="TRUE">11</atnumdec></attr><attr><attrlabl Sync="TRUE">SUM_OTHER</attrlabl><attalias Sync="TRUE">SUM_OTHER</attalias><attrtype Sync="TRUE">Float</attrtype><attwidth Sync="TRUE">19</attwidth><atnumdec Sync="TRUE">11</atnumdec></attr><attr><attrlabl Sync="TRUE">SUM_OTHERV</attrlabl><attalias Sync="TRUE">SUM_OTHERV</attalias><attrtype Sync="TRUE">Float</attrtype><attwidth Sync="TRUE">19</attwidth><atnumdec Sync="TRUE">11</atnumdec></attr><attr><attrlabl Sync="TRUE">SUM_TOTAL</attrlabl><attalias Sync="TRUE">SUM_TOTAL</attalias><attrtype Sync="TRUE">Float</attrtype><attwidth Sync="TRUE">19</attwidth><atnumdec Sync="TRUE">11</atnumdec></attr><attr><attrlabl Sync="TRUE">SUM_VAP</attrlabl><attalias Sync="TRUE">SUM_VAP</attalias><attrtype Sync="TRUE">Float</attrtype><attwidth Sync="TRUE">19</attwidth><atnumdec Sync="TRUE">11</atnumdec></attr><attr><attrlabl Sync="TRUE">COUNT_TOTA</attrlabl><attalias Sync="TRUE">COUNT_TOTA</attalias><attrtype Sync="TRUE">Number</attrtype><attwidth Sync="TRUE">9</attwidth></attr><attr><attrlabl Sync="TRUE">Shape_Leng</attrlabl><attalias Sync="TRUE">Shape_Leng</attalias><attrtype Sync="TRUE">Float</attrtype><attwidth Sync="TRUE">19</attwidth><atnumdec Sync="TRUE">11</atnumdec></attr><attr><attrlabl Sync="TRUE">Shape_Area</attrlabl><attalias Sync="TRUE">Shape_Area</attalias><attrtype Sync="TRUE">Float</attrtype><attwidth Sync="TRUE">19</attwidth><attrdef Sync="TRUE">Area of feature in internal units squared.</attrdef><attrdefs Sync="TRUE">ESRI</attrdefs><attrdomv><udom Sync="TRUE">Positive real numbers that are automatically generated.</udom></attrdomv><atnumdec Sync="TRUE">11</atnumdec></attr></detailed></eainfo><mdDateSt Sync="TRUE">20140117</mdDateSt><dataqual><lineage><procstep><procdesc Sync="TRUE">Dataset copied.</procdesc><srcused Sync="TRUE">\\PUP3\G\Arcview\liveData\TCV_FGD_83.gdb</srcused><procdate Sync="TRUE">20131008</procdate><proctime Sync="TRUE">13015900</proctime></procstep><procstep><procdesc Sync="TRUE">Dataset copied.</procdesc><srcused Sync="TRUE">\\TAX160800\C$\Users\millert2\Desktop\FGD_ElectPrcnt_CntFix.gdb\FGD_ElectPrcnt_CntFix.gdb</srcused><procdate Sync="TRUE">20131009</procdate><proctime Sync="TRUE">12223900</proctime></procstep></lineage></dataqual></metadata>
