Pct.,Name,Combined Pcts.,Address,City,Date,Start Time,End Time,Zip Code,Longitude,Latitude,Area of City,Type,Hours,EZVote Location Code,ELECTION_CODE,Boss Code
101,Dailey Middle School,114:115:116:119:138,14000 Westall Street,Austin,11/5/2013,7:00,19:00,78725,30.242793,-97.58975,E,ED,R,427,G13,23
102,Copperfield Elementary School,,12135 Thompkins Drive,Austin,11/5/2013,7:00,19:00,78753,30.388295,-97.66011,NE,ED,R,302,G13,24
103,Graham Elementary School,108,11211 Tom Adams Drive,Austin,11/5/2013,7:00,19:00,78753,30.37274,-97.6692,NE,ED,R,701,G13,25
104,Cedar View Rehabilitation,,11020 Dessau Road,Austin,11/5/2013,7:00,19:00,78754,30.369667,-97.668827,NE,ED,R,347,G13,26
105,Manor ISD Administration Building,,10335 Hwy 290 East,Manor,11/5/2013,7:00,19:00,78653,30.344621,-97.573528,E,ED,R,1339,G13,27
106,Neidig Elementary School,,13700 County Line Road,Elgin,11/5/2013,7:00,19:00,78621,30.360388,-97.407671,E,ED,R,1449,G13,28
107,New Sweden Lutheran Church,,12809 New Sweden Church Road,Manor,11/5/2013,7:00,19:00,78653,30.405546,-97.486767,NE,ED,R,1405,G13,29
109,Parmer Lane Elementary School,111,1806 Parmer Lane,Austin,11/5/2013,7:00,19:00,78727,30.414372,-97.691717,N,ED,R,1600,G13,30
110,Park Crest Middle School,161,1500 North Railroad Avenue,Pflugerville,11/5/2013,7:00,19:00,78660,30.456036,-97.618461,NE,ED,R,1675,G13,31
112,Dessau Elementary School,,1501 Dessau Ridge Lane,Austin,11/5/2013,7:00,19:00,78754,30.401533,-97.643749,NE,ED,R,401,G13,32
113,Wieland Elementary School,,900 Tudor House Road,Pflugerville,11/5/2013,7:00,19:00,78660,30.422273,-97.639275,NE,ED,R,2334,G13,33
117,Overton Elementary School,120,7201 Colony Loop Drive,Austin,11/5/2013,7:00,19:00,78724,30.30028,-97.63624,E,ED,R,1587,G13,34
121,LBJ High School,128:131:134,7309 Lazy Creek Drive,Austin,11/5/2013,7:00,19:00,78724,30.3131,-97.65676,E,ED,R,1201,G13,35
122,YMCA East Community Branch,,5315 Ed Bluestein Boulevard,Austin,11/5/2013,7:00,19:00,78723,30.292079,-97.662262,E,ED,R,2500,G13,36
123,Murchison Elementary School,,2215 Kelly Lane,Pflugerville,11/5/2013,7:00,19:00,78660,30.467253,-97.586918,NE,ED,R,1336,G13,37
124,Carver Library and Museum Complex,,1161 Angelina Street,Austin,11/5/2013,7:00,19:00,78702,30.26968,-97.72418,E,ED,R,335,G13,38
126,David Chapel Portable,,2211 East MLK Jr. Boulevard,Austin,11/5/2013,7:00,19:00,78702,30.280221,-97.717517,E,ED,R,404,G13,39
129,Sims Elementary School,,1203 Springdale Road,Austin,11/5/2013,7:00,19:00,78721,30.279507,-97.686068,E,ED,R,1907,G13,40
130,Memorial United Methodist Church,118,6100 Berkman Drive,Austin,11/5/2013,7:00,19:00,78723,30.316198,-97.692964,E,ED,R,1315,G13,41
132,Pecan Springs Elementary School,,3100 Rogge Lane,Austin,11/5/2013,7:00,19:00,78723,30.30285,-97.676922,E,ED,R,1604,G13,42
133,Blanton Elementary School,,5408 Westminster Drive,Austin,11/5/2013,7:00,19:00,78723,30.307318,-97.69058,E,ED,R,203,G13,43
135,Messiah Lutheran Church,,5701 Cameron Road,Austin,11/5/2013,7:00,19:00,78723,30.315154,-97.701137,E,ED,R,1316,G13,44
136,Pfluger Hall,,203B East Pecan Street,Pflugerville,11/5/2013,7:00,19:00,78660,30.438009,-97.620285,NE,ED,R,1605,G13,45
137,Rowe Lane Elementary School,163,3112 Speidel Drive,Pflugerville,11/5/2013,7:00,19:00,78660,30.477194,-97.562628,NE,ED,R,1840,G13,46
139,Gus Garcia Recreation Center,140:141,1201 East Rundberg Lane,Austin,11/5/2013,7:00,19:00,78753,30.35258,-97.68208,NE,ED,R,715,G13,47
142,Travis County Airport Blvd Offices,,5501 Airport Boulevard,Austin,11/5/2013,7:00,19:00,78751,30.316062,-97.713196,C,ED,R,2041,G13,48
146,Pflugerville ISD Administration Building,,1401 West Pecan Street,Pflugerville,11/5/2013,7:00,19:00,78660,30.446463,-97.636496,NE,ED,R,1606,G13,49
148,"County Tax Office, Pflugerville",145,15822 Foothill Farms Loop,Pflugerville,11/5/2013,7:00,19:00,78660,30.44886,-97.65221,NE,ED,R,340,G13,50
149,Reilly Elementary School,,405 Denson Drive,Austin,11/5/2013,7:00,19:00,78752,30.328359,-97.719923,NC,ED,R,1814,G13,51
150,Brookhollow Elementary School,,1200 North Railroad Avenue,Pflugerville,11/5/2013,7:00,19:00,78660,30.452447,-97.618074,NE,ED,R,209,G13,52
151,Dottie Jordan Recreation Center,,2803 Loyola Lane,Austin,11/5/2013,7:00,19:00,78723,30.314251,-97.673548,E,ED,R,430,G13,53
152,Fiesta Mart Central,,3909 North IH-35,Austin,11/5/2013,7:00,19:00,78722,30.29642,-97.71764,C,ED,R,623,G13,55
152,Maplewood Elementary School,,3808 Maplewood Avenue,Austin,11/5/2013,7:00,19:00,78722,30.293096,-97.714301,E,ED,R,1318,G13,54
153,Pioneer Crossing Elementary School,,11300 Samsung Boulevard,Austin,11/5/2013,7:00,19:00,78754,30.361804,-97.639875,E,ED,R,1673,G13,56
154,Bluebonnet Trail Elementary School,125:127,11316 Farmhaven Road,Austin,11/5/2013,7:00,19:00,78754,30.351472,-97.618289,E,ED,R,244,G13,57
156,Virginia Brown Recreation Center,,7500 Blessing Avenue,Austin,11/5/2013,7:00,19:00,78752,30.33222,-97.69341,E,ED,R,1942,G13,58
160,Spring Hill Elementary School,,600 South Heatherwilde Boulevard,Pflugerville,11/5/2013,7:00,19:00,78660,30.442495,-97.645025,NE,ED,R,1910,G13,59
164,Barrington Elementary School,,400 Cooper Drive,Austin,11/5/2013,7:00,19:00,78753,30.360989,-97.695923,N,ED,R,205,G13,60
200,Winters Building,,701 West 51st Street,Austin,11/5/2013,7:00,19:00,78751,30.315988,-97.730577,C,ED,R,2328,G13,61
202,Red River Church,,4425 Red River Street,Austin,11/5/2013,7:00,19:00,78751,30.304493,-97.719494,C,ED,R,1831,G13,62
203,Boulder Ridge Community Room,,3300 Killingsworth Lane,Pflugerville,11/5/2013,7:00,19:00,78660,30.413271,-97.605355,NE,ED,R,207,G13,63
205,Camden Huntingdon Apartments,,12349 Metric Boulevard,Austin,11/5/2013,7:00,19:00,78758,30.409888,-97.695056,N,ED,R,2014,G13,64
206,Lee Elementary School,,3308 Hampton Road,Austin,11/5/2013,7:00,19:00,78705,30.29356,-97.727341,C,ED,R,1813,G13,65
207,YMCA Northwest Branch,,5807 McNeil Drive,Austin,11/5/2013,7:00,19:00,78729,30.445658,-97.733881,NW,ED,R,2501,G13,66
208,"University of Texas, Flawn Academic Center",277,2400 Inner Campus Drive (On the West Mall),Austin,11/5/2013,7:00,19:00,78712,30.286086,-97.74033,C,ED,R,2101,G13,67
210,O. Henry Middle School,251,2610 West 10th Street,Austin,11/5/2013,7:00,19:00,78703,30.285899,-97.774158,C,ED,R,1565,G13,68
211,Walnut Creek Elementary School,,401 West Braker Lane,Austin,11/5/2013,7:00,19:00,78753,30.37941,-97.684132,N,ED,R,2311,G13,69
214,Bryker Woods Elementary School,,3309 Kerbey Lane,Austin,11/5/2013,7:00,19:00,78703,30.30516,-97.75117,C,ED,R,208,G13,70
215,Wells Branch Community Library,,15001 Wells Port Drive,Austin,11/5/2013,7:00,19:00,78728,30.445997,-97.675796,N,ED,R,2338,G13,71
216,Northwest Elementary School,,14014 Thermal Drive,Austin,11/5/2013,7:00,19:00,78728,30.431732,-97.675793,N,ED,R,1418,G13,72
217,Lanier High School,223:224,1201 Payton Gin Road,Austin,11/5/2013,7:00,19:00,78758,30.360795,-97.70781,N,ED,R,1204,G13,73
218,ACC Northridge Campus,,11928 Stonehollow Drive,Austin,11/5/2013,7:00,19:00,78758,30.40319,-97.70448,N,ED,R,130,G13,74
219,Caldwell Elementary School,,1718 Picadilly Drive,Round Rock,11/5/2013,7:00,19:00,78664,30.468326,-97.655218,NE,ED,R,329,G13,75
221,Bridge Point Elementary School,212,6401 Cedar Street,Austin,11/5/2013,7:00,19:00,78746,30.339621,-97.805743,W,ED,R,218,G13,76
222,Cook Elementary School,209,1511 Cripple Creek Drive,Austin,11/5/2013,7:00,19:00,78758,30.37811,-97.70478,N,ED,R,305,G13,77
225,Wells Branch MUD Recreation Center,,3000 Shoreline Drive,Austin,11/5/2013,7:00,19:00,78728,30.45486,-97.683641,N,ED,R,2316,G13,78
227,Villas of Bristol Heights Apartments,226,12041 Dessau Road,Austin,11/5/2013,7:00,19:00,78754,30.380821,-97.651912,NE,ED,R,2208,G13,79
229,Wells Branch Community Center,,2106 Klattenhoff Drive,Austin,11/5/2013,7:00,19:00,78728,30.442229,-97.67899,N,ED,R,2312,G13,80
231,Cat Mountain Homeowners Association,213:220,6007 Mount Bonnell Road,Austin,11/5/2013,7:00,19:00,78731,30.34868,-97.77976,NW,ED,R,345,G13,81
232,Canyon Ridge Middle School,,12601 Country Trails Lane,Austin,11/5/2013,7:00,19:00,78732,30.364942,-97.902984,NW,ED,R,344,G13,82
233,Shepherd of the Hills Christian Church,,6909 West Courtyard Drive,Austin,11/5/2013,7:00,19:00,78730,30.359962,-97.806052,NW,ED,R,1928,G13,83
234,Austin Christian Fellowship,,6401 River Place Boulevard,Austin,11/5/2013,7:00,19:00,78730,30.387074,-97.847344,NW,ED,R,141,G13,84
235,McCallum High School,,5600 Sunshine Drive,Austin,11/5/2013,7:00,19:00,78756,30.326897,-97.729247,NC,ED,R,1321,G13,85
236,Rosedale School,,2117 West 49th Street,Austin,11/5/2013,7:00,19:00,78756,30.320155,-97.74033,C,ED,R,1818,G13,86
237,Highland Park Baptist Church,,5206 Balcones Drive,Austin,11/5/2013,7:00,19:00,78731,30.335241,-97.760028,W,ED,R,806,G13,87
238,Murchison Middle School,,3700 North Hills Drive,Austin,11/5/2013,7:00,19:00,78731,30.354148,-97.758869,NW,ED,R,1322,G13,88
239,Gullett Elementary School,,6310 Treadwell Boulevard,Austin,11/5/2013,7:00,19:00,78757,30.343149,-97.748795,C,ED,R,703,G13,89
240,Highland Park Elementary School,,4900 Fairview Drive,Austin,11/5/2013,7:00,19:00,78731,30.330092,-97.759845,W,ED,R,807,G13,90
241,Brentwood Elementary School,,6700 Arroyo Seco,Austin,11/5/2013,7:00,19:00,78757,30.33978,-97.73107,NC,ED,R,211,G13,91
242,Northwest Baptist Church,,6301 Woodrow Avenue,Austin,11/5/2013,7:00,19:00,78757,30.334602,-97.729622,NC,ED,R,1427,G13,92
243,Ben Hur Shrine Center,,7811 Rockwood Lane,Austin,11/5/2013,7:00,19:00,78757,30.358129,-97.738055,NC,ED,R,249,G13,93
244,Randalls Steiner Ranch,,5145 RM 620 North,Austin,11/5/2013,7:00,19:00,78732,30.389683,-97.885008,NW,ED,R,1848,G13,94
245,Grandview Hills Elementary School,,12024 Vista Parke Drive,Austin,11/5/2013,7:00,19:00,78726,30.416315,-97.852907,NW,ED,R,716,G13,95
246,Hill Elementary School,,8601 Tallwood Drive,Austin,11/5/2013,7:00,19:00,78759,30.37672,-97.7487,NW,ED,R,808,G13,96
247,Doss Elementary School,,7005 Northledge Drive,Austin,11/5/2013,7:00,19:00,78731,30.356323,-97.762527,W,ED,R,409,G13,97
248,Burnet Middle School,,8401 Hathaway Drive,Austin,11/5/2013,7:00,19:00,78757,30.36445,-97.72589,NC,ED,R,212,G13,98
249,St. Matthews Episcopal Church,262,8134 Mesa Drive,Austin,11/5/2013,7:00,19:00,78759,30.374282,-97.756852,NW,ED,R,1911,G13,99
250,Mathews Elementary School,,906 West Lynn Street,Austin,11/5/2013,7:00,19:00,78703,30.278341,-97.7608,C,ED,R,1323,G13,100
252,North Village Library,,2505 Steck Avenue,Austin,11/5/2013,7:00,19:00,78757,30.36216,-97.73048,NC,ED,R,1448,G13,101
253,First Presbyterian Church,,8001 Mesa Drive,Austin,11/5/2013,7:00,19:00,78731,30.369425,-97.757973,NW,ED,R,604,G13,102
254,Emeritus at North Austin,228:267,5310 Duval Road,Austin,11/5/2013,7:00,19:00,78727,30.418998,-97.744288,NW,ED,R,556,G13,103
256,Howson Branch Library,266,2500 Exposition Boulevard,Austin,11/5/2013,7:00,19:00,78703,30.2982,-97.7676,C,ED,R,835,G13,104
258,McBee Elementary School,,1001 West  Braker Lane,Austin,11/5/2013,7:00,19:00,78758,30.38302,-97.69043,N,ED,R,1325,G13,105
259,Summitt Elementary School,,12207 Brigadoon Lane,Austin,11/5/2013,7:00,19:00,78727,30.41852,-97.71931,NW,ED,R,1912,G13,106
260,Austin Brethren Church,,1800 Payton Gin Road,Austin,11/5/2013,7:00,19:00,78758,30.366101,-97.716749,N,ED,R,120,G13,107
263,United Christian Church,,3500 West Parmer Lane,Austin,11/5/2013,7:00,19:00,78727,30.423827,-97.709237,NW,ED,R,2102,G13,108
268,Grant AME Worship Center,,1701 Kramer Lane,Austin,11/5/2013,7:00,19:00,78758,30.385372,-97.704377,N,ED,R,705,G13,109
273,Congregation Beth Israel,,3901 Shoal Creek Blvd.,Austin,11/5/2013,7:00,19:00,78756,30.308337,-97.747378,C,ED,R,352,G13,110
274,First English Lutheran Church,,3001 Whitis Avenue,Austin,11/5/2013,7:00,19:00,78705,30.295341,-97.738731,C,ED,R,608,G13,111
275,Baker Center,,3908 Avenue B (Enter off of 39th Street),Austin,11/5/2013,7:00,19:00,78751,30.30393,-97.73588,C,ED,R,214,G13,112
301,Sunset Valley City Hall,,3205 Jones Road,Sunset Valley,11/5/2013,7:00,19:00,78745,30.22832,-97.81079,S,ED,R,1934,G13,113
302,Bailey Middle School,,4020 Lost Oasis Hollow,Austin,11/5/2013,7:00,19:00,78739,30.164163,-97.872519,SW,ED,R,215,G13,114
303,Oak Hill Primitive Baptist Church,,11408 FM 1826,Austin,11/5/2013,7:00,19:00,78737,30.197381,-97.923911,SW,ED,R,1570,G13,115
304,Kiker Elementary School,,5913 La Crosse Avenue,Austin,11/5/2013,7:00,19:00,78739,30.191676,-97.881247,SW,ED,R,1102,G13,116
307,Rollingwood Municipal Building,356,403 Nixon Drive,Rollingwood,11/5/2013,7:00,19:00,78746,30.275682,-97.788588,W,ED,R,1819,G13,117
308,Briarcliff P.O.A. Community Center,,22801 Braircliff Drive,Briarcliff,11/5/2013,7:00,19:00,78669,30.406576,-98.057163,W,ED,R,216,G13,118
310,Manchaca United Methodist Church,,1011 FM 1626,Manchaca,11/5/2013,7:00,19:00,78652,30.14004,-97.83239,S,ED,R,1346,G13,119
312,Travis County Sheriff's Office,,3800 Hudson Bend Road,Austin,11/5/2013,7:00,19:00,78734,30.39844,-97.92954,NW,ED,R,1946,G13,120
313,Senior Activity Center,311,2874 Shoal Crest Avenue,Austin,11/5/2013,7:00,19:00,78705,30.297444,-97.748494,C,ED,R,1207,G13,121
314,Oak Hill Fire Dept. Barton Creek Station,,4111 Barton Creek Boulevard,Austin,11/5/2013,7:00,19:00,78735,30.279022,-97.883195,SW,ED,R,1589,G13,122
315,Villages Amenities Center,,12006 Gatling Gun Lane,Austin,11/5/2013,7:00,19:00,78748,30.154001,-97.854061,S,ED,R,2207,G13,123
316,Travis County Parks Office,,14624 Hamilton Pool Road,Austin,11/5/2013,7:00,19:00,78738,30.30758,-97.972869,W,ED,R,2033,G13,124
317,Lost Creek MUD Office,,1305 Quaker Ridge Drive,Austin,11/5/2013,7:00,19:00,78746,30.28377,-97.83352,W,ED,R,1235,G13,125
319,Lakeway Activity Center,306:346,105 Cross Creek Drive,Lakeway,11/5/2013,7:00,19:00,78734,30.362589,-97.981294,W,ED,R,1211,G13,126
320,Randalls Lakeway,,2301 RR 620 South,Lakeway,11/5/2013,7:00,19:00,78734,30.341584,-97.966429,W,ED,R,1845,G13,127
321,Triumphant Love Lutheran Church,,9508 Great Hills,Austin,11/5/2013,7:00,19:00,78759,30.39469,-97.755822,NW,ED,R,2019,G13,128
323,Randalls Research,,10900-D Research Boulevard,Austin,11/5/2013,7:00,19:00,78759,30.401991,-97.747132,NE,ED,R,1841,G13,130
323,Great Hills Baptist Church,305:345,10500 Jollyville Road,Austin,11/5/2013,7:00,19:00,78759,30.39879,-97.7521,NW,ED,R,709,G13,129
324,Bee Cave City Hall,368,4000 Galleria Parkway,Bee Cave,11/5/2013,7:00,19:00,78738,30.308171,-97.939939,W,ED,R,246,G13,131
326,Laurel Mountain Elementary School,,10111 DK Ranch Road,Austin,11/5/2013,7:00,19:00,78759,30.413978,-97.781153,NW,ED,R,1213,G13,132
327,Fire Station #33,,9409 Bluegrass Drive,Austin,11/5/2013,7:00,19:00,78759,30.39917,-97.76718,NW,ED,R,609,G13,133
328,Renaissance Retirement Center,,11279 Taylor Draper Lane,Austin,11/5/2013,7:00,19:00,78759,30.413052,-97.751563,NW,ED,R,1832,G13,134
329,Austin City Hall,325,301 West 2nd Street (Media Room),Austin,11/5/2013,7:00,19:00,78701,30.264553,-97.747271,C,ED,R,142,G13,135
330,Laura's Library,318:357,9411 Bee Cave Road,Austin,11/5/2013,7:00,19:00,78733,30.315636,-97.871361,W,ED,R,1232,G13,136
331,Kathy Caraway Elementary School,,11104 Oakview Drive (Enter off of Carlwood),Austin,11/5/2013,7:00,19:00,78759,30.419868,-97.769276,NW,ED,R,1442,G13,137
332,Zilker Elementary School,340:341,1900 Bluebonnet Lane,Austin,11/5/2013,7:00,19:00,78704,30.252849,-97.774673,SC,ED,R,2600,G13,138
333,Canyon Creek Elementary School,343,10210 Ember Glen Drive,Austin,11/5/2013,7:00,19:00,78726,30.436871,-97.824894,NW,ED,R,313,G13,139
334,Pickfair Community Center,,10904 Pickfair Drive,Austin,11/5/2013,7:00,19:00,78750,30.439332,-97.811033,NW,ED,R,1626,G13,140
335,Canyon Vista Middle School,,8455 Spicewood Springs Road,Austin,11/5/2013,7:00,19:00,78759,30.42824,-97.784168,NW,ED,R,314,G13,141
336,Hallmark Baptist Church,,9023 Old Lampasas Trail,Austin,11/5/2013,7:00,19:00,78750,30.419984,-97.798662,C,ED,R,812,G13,142
337,Lakewood Homeowners Association,,7317 Lakewood Drive,Austin,11/5/2013,7:00,19:00,78750,30.375404,-97.788902,NW,ED,R,1214,G13,143
338,Travis County WCID #18,,1502 San Juan Drive,Austin,11/5/2013,7:00,19:00,78733,30.339343,-97.866662,W,ED,R,2025,G13,144
339,Western Hills Church of Christ,,6211 Parkwood Drive,Austin,11/5/2013,7:00,19:00,78735,30.236989,-97.855077,SW,ED,R,2335,G13,145
342,Barton Hills Elementary School,,2108 Barton Hills Drive,Austin,11/5/2013,7:00,19:00,78704,30.254174,-97.783138,SC,ED,R,226,G13,146
344,Cunningham Elementary School,,2200 Berkeley Avenue,Austin,11/5/2013,7:00,19:00,78745,30.210672,-97.805808,S,ED,R,326,G13,147
347,Hill Country Middle School,,1300 Walsh Tarlton Lane,Austin,11/5/2013,7:00,19:00,78746,30.270465,-97.803774,W,ED,R,829,G13,148
349,ACC Pinnacle Campus,,7748 Highway 290 West,Austin,11/5/2013,7:00,19:00,78736,30.23149,-97.88354,SW,ED,R,131,G13,149
350,Cowan Elementary School,309,2817 Kentish,Austin,11/5/2013,7:00,19:00,78748,30.188686,-97.833724,S,ED,R,317,G13,150
350,Randalls Brodie,,9911 Brodie Lane,Austin,11/5/2013,7:00,19:00,78748,30.184057,-97.847993,SW,ED,R,1846,G13,151
351,Randalls South Mopac,,6600 South Mopac Expressway,Austin,11/5/2013,7:00,19:00,78749,30.22278,-97.836277,SW,ED,R,1843,G13,152
351,Small Middle School,,4801 Monterey Oaks Boulevard,Austin,11/5/2013,7:00,19:00,78749,30.23417,-97.84149,SW,ED,R,1952,G13,153
354,Travis Country Office (H.O.A.),,4504 Travis Country Circle,Austin,11/5/2013,7:00,19:00,78735,30.245949,-97.827448,SW,ED,R,2026,G13,154
358,Covington Middle School,352,3700 Convict Hill Road,Austin,11/5/2013,7:00,19:00,78749,30.212073,-97.834582,SW,ED,R,318,G13,155
359,Lake Travis ISD Educational Development Ctr.,,607 RR 620 North (Enter off of Kollmeyer Dr),Austin,11/5/2013,7:00,19:00,78734,30.370589,-97.946591,W,ED,R,1231,G13,156
360,Bowie High School,,4103 West Slaughter Lane,Austin,11/5/2013,7:00,19:00,78749,30.18745,-97.85831,S,ED,R,229,G13,157
361,Oak Hill Fire Dept. Station #301,,9211 Circle Drive,Austin,11/5/2013,7:00,19:00,78736,30.239456,-97.919694,SW,ED,R,1590,G13,158
362,Will Hampton Branch Public Library,,5125 Convict Hill Road,Austin,11/5/2013,7:00,19:00,78749,30.217702,-97.854999,SW,ED,R,2322,G13,159
363,Shepherd of the Hills Presbyterian Church,,5226 West William Cannon Drive,Austin,11/5/2013,7:00,19:00,78749,30.225441,-97.851888,SW,ED,R,1924,G13,160
364,Randalls Flagship at West Lake Hills,,3300 Bee Cave Road,Austin,11/5/2013,7:00,19:00,78746,30.275376,-97.798812,W,ED,R,1844,G13,161
365,West Rural Community Center,,"8656 Highway 71 West, #A",Austin,11/5/2013,7:00,19:00,78735,30.251449,-97.893596,W,ED,R,2330,G13,162
366,Mills Elementary School,,6201 Davis Lane,Austin,11/5/2013,7:00,19:00,78749,30.21111,-97.87819,SW,ED,R,1327,G13,163
367,Clayton Elementary School,,7525 La Crosse Avenue,Austin,11/5/2013,7:00,19:00,78739,30.195113,-97.906573,SW,ED,R,348,G13,164
369,Christ Episcopal Church,,3520 West Whitestone Boulevard,Cedar Park,11/5/2013,7:00,19:00,78613,30.51066,-97.881317,NW,ED,R,350,G13,165
370,Round Mountain Community Center,,14340 Round Mountain Road,Leander,11/5/2013,7:00,19:00,78641,30.572025,-97.949408,NW,ED,R,1836,G13,166
371,Lago Vista High School,,8039 Bar-K Ranch Road,Lago Vista,11/5/2013,7:00,19:00,78645,30.480356,-97.97788,NW,ED,R,1217,G13,167
372,Community Center at Jonestown,,"18649 FM 1431, Suite 6A",Jonestown,11/5/2013,7:00,19:00,78645,30.491765,-97.923803,NW,ED,R,1444,G13,168
373,Lago Vista City Hall,,5803 Thunderbird Street,Lago Vista,11/5/2013,7:00,19:00,78645,30.453007,-97.987372,NW,ED,R,1228,G13,169
374,Deer Creek Elementary School,,2420 Zeppelin Drive,Cedar Park,11/5/2013,7:00,19:00,78613,30.482584,-97.853111,NW,ED,R,425,G13,170
375,Volente Fire Department,,15406 FM 2769,Volente,11/5/2013,7:00,19:00,78641,30.43569,-97.90388,NW,ED,R,2203,G13,171
401,Del Valle ISD Administration Building,,5301 Ross Road,Del Valle,11/5/2013,7:00,19:00,78617,30.176036,-97.613418,SE,ED,R,407,G13,172
402,Elroy Community Library,,13512 FM 812,Del Valle,11/5/2013,7:00,19:00,78617,30.123925,-97.638577,SE,ED,R,500,G13,173
403,Creedmoor Elementary School,,5604 FM 1327,Creedmoor,11/5/2013,7:00,19:00,78610,30.091023,-97.720942,SE,ED,R,342,G13,174
404,Blazier Elementary School,,8601 Vertex Boulevard,Austin,11/5/2013,7:00,19:00,78744,30.156149,-97.751992,SE,ED,R,253,G13,175
405,Ojeda Middle School,,4900 McKinney Falls Parkway,Austin,11/5/2013,7:00,19:00,78744,30.190467,-97.712574,SE,ED,R,1586,G13,176
406,St. Alban's Episcopal Church,417,11819 IH-35 South,Austin,11/5/2013,7:00,19:00,78747,30.129774,-97.798171,SE,ED,R,1931,G13,177
407,South Rural Community Center,,3518 South FM 973,Del Valle,11/5/2013,7:00,19:00,78617,30.198738,-97.642107,SE,ED,R,1932,G13,178
410,Science & Health Resource Center,,305 North Bluff Drive,Austin,11/5/2013,7:00,19:00,78745,30.197292,-97.774978,S,ED,R,1614,G13,179
414,Texas Oaks Baptist Church,,9910 Bilbrook Place,Austin,11/5/2013,7:00,19:00,78748,30.17055,-97.81739,S,ED,R,2022,G13,180
415,Casey Elementary School,,9400 Texas Oaks Drive,Austin,11/5/2013,7:00,19:00,78748,30.176994,-97.814841,S,ED,R,319,G13,181
416,Akins High School,411,10701 South 1st Street,Austin,11/5/2013,7:00,19:00,78748,30.148542,-97.801489,S,ED,R,322,G13,182
420,Parker Lane United Methodist Church,,2105 Parker Lane,Austin,11/5/2013,7:00,19:00,78741,30.23332,-97.73481,SE,ED,R,1616,G13,183
421,Congress Avenue Baptist Church,,1511 South Congress Avenue,Austin,11/5/2013,7:00,19:00,78704,30.248493,-97.74946,SC,ED,R,337,G13,184
422,Fulmore Middle School,,201 East Mary Street,Austin,11/5/2013,7:00,19:00,78704,30.24424,-97.749948,S,ED,R,621,G13,185
423,Montopolis Recreation Center,,1200 Montopolis Drive,Austin,11/5/2013,7:00,19:00,78741,30.232282,-97.700129,SE,ED,R,1331,G13,186
424,HEB South Congress,,2400 South Congress Avenue,Austin,11/5/2013,7:00,19:00,78704,30.239642,-97.755452,S,ED,R,836,G13,188
424,South Austin Recreation Center,409,1100 Cumberland Road,Austin,11/5/2013,7:00,19:00,78704,30.24139,-97.76862,S,ED,R,1945,G13,187
426,Govalle Elementary School,427:436:444,3601 Govalle Avenue,Austin,11/5/2013,7:00,19:00,78702,30.264386,-97.698573,E,ED,R,708,G13,189
426,Parque Zaragoza Recreation Center,,2608 Gonzales Street,Austin,11/5/2013,7:00,19:00,78702,30.261812,-97.711635,E,ED,R,1677,G13,190
428,Mexican American Cultural Center (MACC),,600 River Street,Austin,11/5/2013,7:00,19:00,78701,30.25814,-97.740169,C,ED,R,1347,G13,191
429,Dan Ruiz Branch Public Library,,1600 Grove Boulevard,Austin,11/5/2013,7:00,19:00,78741,30.229915,-97.706995,SE,ED,R,417,G13,192
431,Baty Elementary School,,2101 Faro Drive,Austin,11/5/2013,7:00,19:00,78741,30.226785,-97.714055,SE,ED,R,254,G13,193
433,Travis High School,442,1211 East Oltorf Street,Austin,11/5/2013,7:00,19:00,78704,30.234034,-97.743269,S,ED,R,2031,G13,194
435,Southwest Church of Christ,408,8900 Manchaca Road,Austin,11/5/2013,7:00,19:00,78748,30.183882,-97.818639,S,ED,R,1922,G13,195
437,Twin Oaks Branch Library,,1800 South 5th Street,Austin,11/5/2013,7:00,19:00,78704,30.248734,-97.76227,S,ED,R,2045,G13,196
438,Sanchez Elementary School,432:434,73 San Marcos Street,Austin,11/5/2013,7:00,19:00,78702,30.2579,-97.73539,E,ED,R,1937,G13,197
439,Cantu/Pan Am Recreation Center,,2100 East 3rd Street,Austin,11/5/2013,7:00,19:00,78702,30.258039,-97.720878,E,ED,R,331,G13,198
440,CityView at the Park Senior Apts,,2000 Woodward Street,Austin,11/5/2013,7:00,19:00,78741,30.21825,-97.74335,SE,ED,R,349,G13,199
441,St. John's Lutheran Church,,409 West Ben White Boulevard,Austin,11/5/2013,7:00,19:00,78704,30.22434,-97.76793,S,ED,R,1936,G13,200
441,Fiesta Mart Stassney,,5510 South IH 35,Austin,11/5/2013,7:00,19:00,78745,30.20035,-97.76433,SE,ED,R,624,G13,201
443,Mendez Middle School,,5106 Village Square,Austin,11/5/2013,7:00,19:00,78744,30.188102,-97.743655,SE,ED,R,1332,G13,202
446,St. Elmo Elementary School,425,600 West St. Elmo Road,Austin,11/5/2013,7:00,19:00,78745,30.221686,-97.773213,S,ED,R,1939,G13,203
447,Odom Elementary School,419,1010 Turtle Creek Boulevard,Austin,11/5/2013,7:00,19:00,78745,30.205599,-97.789521,S,ED,R,1582,G13,204
448,Langford Elementary School,413:418,2206 Blue Meadow Drive,Austin,11/5/2013,7:00,19:00,78744,30.18201,-97.76328,SE,ED,R,1220,G13,205
450,Southeast Branch Public Library,,5803 Nuckols Crossing Road,Austin,11/5/2013,7:00,19:00,78744,30.187583,-97.74195,SE,ED,R,1927,G13,206
451,Bedichek Middle School,,6800 Bill Hughes Road,Austin,11/5/2013,7:00,19:00,78745,30.19392,-97.7873,S,ED,R,231,G13,207
452,Houston Elementary School,,5409 Ponciana Drive,Austin,11/5/2013,7:00,19:00,78744,30.197837,-97.75495,SE,ED,R,815,G13,208
454,Randalls Ben White,412,2025 West Ben White Boulevard,Austin,11/5/2013,7:00,19:00,78704,30.229437,-97.790074,S,ED,R,1842,G13,209
458,Mockingbird Post Office,,7310 Manchaca Road,Austin,11/5/2013,7:00,19:00,78745,30.199286,-97.808672,S,ED,R,1341,G13,210
460,ACC South Austin Campus,,1820 West Stassney Lane,Austin,11/5/2013,7:00,19:00,78745,30.215365,-97.796219,S,ED,R,143,G13,211
461,Ann Richards School,430,2206 Prather Lane (Enter off of Victory Lane),Austin,11/5/2013,7:00,19:00,78704,30.236827,-97.789119,S,ED,R,1615,G13,212
463,Williams Elementary School,,500 Mairo Street,Austin,11/5/2013,7:00,19:00,78748,30.18116,-97.791506,S,ED,R,2325,G13,213
